"repo";"nb_user_repo";"nb_user_repo_with_social";"Rs"
"faye/faye-websocket-ruby";7;4;0.571428571428571
"rake-compiler/rake-compiler";65;41;0.630769230769231
"premailer/css_parser";5;0;0
"aasm/aasm";3;1;0.333333333333333
"voloko/sdoc";7;2;0.285714285714286
"rack/rack";121;60;0.495867768595041
"eventmachine/eventmachine";56;32;0.571428571428571
"pry/pry";253;91;0.359683794466403
"ruby/rake";1219;162;0.132895816242822
"bundler/bundler";670;367;0.547761194029851
"noredink/rspec-retry";6;1;0.166666666666667
"igrigorik/em-http-request";19;9;0.473684210526316
"gocardless/statesman";1;1;1
"vmg/redcarpet";81;18;0.222222222222222
"bblimke/webmock";158;45;0.284810126582278
"lsegal/yard";255;111;0.435294117647059
"lostisland/faraday";98;46;0.469387755102041
"msgpack/msgpack-ruby";10;4;0.4
"codeclimate/ruby-test-reporter";36;8;0.222222222222222
"seattlerb/minitest";280;122;0.435714285714286
"bbatsov/rubocop";130;76;0.584615384615385
"ruby-json-schema/json-schema";10;4;0.4
"octokit/octokit.rb";28;11;0.392857142857143
"dtao/safe_yaml";15;9;0.6
"jnicklas/capybara";127;72;0.566929133858268
"cucumber/cucumber-rails";14;8;0.571428571428571
"DatabaseCleaner/database_cleaner";81;22;0.271604938271605
"thoughtbot/factory_girl_rails";36;2;0.0555555555555556
"rspec/rspec-rails";165;91;0.551515151515152
"SeleniumHQ/selenium";26;8;0.307692307692308
"rails/sprockets";41;16;0.390243902439024
"sparklemotion/sqlite3-ruby";256;31;0.12109375
"rails/coffee-rails";41;8;0.195121951219512
"haml/haml";72;33;0.458333333333333
"jnunemaker/httparty";54;9;0.166666666666667
"rails/jquery-rails";78;19;0.243589743589744
"joliss/jquery-ui-rails";17;2;0.117647058823529
"airblade/paper_trail";2;0;0
"rails/rails";323;265;0.820433436532508
"rubyzip/rubyzip";47;17;0.361702127659574
"rails/sass-rails";58;26;0.448275862068966
"louismullie/stanford-core-nlp";1;1;1
"chrisk/fakeweb";46;8;0.173913043478261
"rr/rr";42;13;0.30952380952381
"glejeune/Ruby-Graphviz";5;3;0.6
"colszowka/simplecov";250;113;0.452
"sinatra/sinatra";135;45;0.333333333333333
"xmpp4r/xmpp4r";3;0;0
"celluloid/celluloid";15;13;0.866666666666667
"celluloid/celluloid-io";7;5;0.714285714285714
"pluginaweek/state_machine";5;4;0.8
"erikhuda/thor";166;50;0.301204819277108
"projecthydra/active_fedora";3;3;1
"rdoc/rdoc";173;52;0.300578034682081
"nevir/rubocop-rspec";7;2;0.285714285714286
"ActiveTriples/ActiveTriples";3;3;1
"ruby-rdf/rdf-rdfxml";3;1;0.333333333333333
"rsolr/rsolr";5;5;1
"ember-data/active-model-adapter";1;1;1
"emberjs/data";2;2;1
"guard/guard-rspec";103;30;0.29126213592233
"sparklemotion/nokogiri";218;112;0.513761467889908
"ruby-rdf/rdf";5;2;0.4
"colszowka/phantomjs-gem";4;3;0.75
"teampoltergeist/poltergeist";30;10;0.333333333333333
"activeadmin/activeadmin";6;6;1
"stympy/faker";20;3;0.15
"jfirebaugh/konacha";1;0;0
"zdennis/activerecord-import";5;4;0.8
"cgriego/active_attr";4;1;0.25
"thoughtbot/factory_girl";30;9;0.3
"tzinfo/tzinfo";35;4;0.114285714285714
"ruby-amqp/bunny";3;2;0.666666666666667
"ejholmes/restforce";3;3;1
"roo-rb/roo";5;3;0.6
"gettalong/kramdown";42;9;0.214285714285714
"thoughtbot/appraisal";74;34;0.459459459459459
"jfelchner/ruby-progressbar";21;5;0.238095238095238
"mbj/unparser";1;0;0
"solnic/virtus";15;10;0.666666666666667
"rails-api/active_model_serializers";8;6;0.75
"activemerchant/active_merchant";4;3;0.75
"intridea/hashie";53;20;0.377358490566038
"freerange/mocha";212;60;0.283018867924528
"RubyMoney/money";4;2;0.5
"intridea/multi_json";133;50;0.37593984962406
"nixme/pry-debugger";3;0;0
"thoughtbot/shoulda-matchers";15;4;0.266666666666667
"mgomes/api_auth";1;1;1
"typhoeus/typhoeus";18;12;0.666666666666667
"jnunemaker/crack";9;4;0.444444444444444
"presidentbeef/brakeman";3;1;0.333333333333333
"thoughtbot/shoulda";77;19;0.246753246753247
"technicalpickles/jeweler";115;36;0.31304347826087
"relevance/rcov";39;3;0.0769230769230769
"amatsuda/kaminari";30;16;0.533333333333333
"thoughtbot/bourbon";2;0;0
"plataformatec/devise";32;22;0.6875
"justinfrench/formtastic";4;3;0.75
"josevalim/inherited_resources";5;2;0.4
"activerecord-hackery/meta_search";2;1;0.5
"sass/sass";78;33;0.423076923076923
"carrierwaveuploader/carrierwave";22;15;0.681818181818182
"fog/fog";34;27;0.794117647058823
"minimagick/minimagick";20;7;0.35
"jimweirich/builder";55;14;0.254545454545455
"svenfuchs/i18n";74;26;0.351351351351351
"kern/minitest-reporters";27;6;0.222222222222222
"metaskills/minitest-spec-rails";4;1;0.25
"deivid-rodriguez/pry-byebug";28;3;0.107142857142857
"nulldb/nulldb";2;2;1
"rails/arel";7;5;0.714285714285714
"rails/journey";1;1;1
"diogob/activerecord-postgres-hstore";1;0;0
"deivid-rodriguez/byebug";19;2;0.105263157894737
"guard/guard";79;21;0.265822784810127
"guard/guard-minitest";18;5;0.277777777777778
"paulelliott/fabrication";5;1;0.2
"sevenwire/forgery";4;2;0.5
"brianmario/mysql2";43;20;0.465116279069767
"hexorx/countries";2;2;1
"codegram/date_validator";1;1;1
"mikel/mail";28;18;0.642857142857143
"floere/phony";2;2;1
"luislavena/mysql-gem";15;1;0.0666666666666667
"mbleigh/acts-as-taggable-on";6;4;0.666666666666667
"collectiveidea/awesome_nested_set";5;2;0.4
"tcocca/acts_as_follower";1;0;0
"swanandp/acts_as_list";3;1;0.333333333333333
"ActsAsParanoid/acts_as_paranoid";1;0;0
"cucumber/cucumber-ruby";89;40;0.449438202247191
"RubyMoney/money-rails";1;0;0
"mperham/sidekiq";21;19;0.904761904761905
"ryanto/acts_as_votable";2;0;0
"rgrove/sanitize";7;2;0.285714285714286
"ruby-ldap/ruby-net-ldap";7;2;0.285714285714286
"sporkmonger/addressable";54;22;0.407407407407407
"copiousfreetime/launchy";66;15;0.227272727272727
"github/markup";6;1;0.166666666666667
"adhearsion/adhearsion";1;1;1
"cucumber/aruba";57;27;0.473684210526316
"travisjeffery/timecop";68;21;0.308823529411765
"ffi/ffi";35;19;0.542857142857143
"mperham/girl_friday";4;2;0.5
"TwP/logging";16;4;0.25
"benlangfeld/ruby_speech";2;2;1
"ai/autoprefixer-rails";9;1;0.111111111111111
"codahale/bcrypt-ruby";22;3;0.136363636363636
"CanCanCommunity/cancancan";12;4;0.333333333333333
"bokmann/font-awesome-rails";12;2;0.166666666666667
"norman/friendly_id";6;0;0
"google/google-api-ruby-client";8;4;0.5
"Instagram/instagram-ruby-gem";1;1;1
"arsduo/koala";3;0;0
"arunagw/omniauth-twitter";2;0;0
"rails/turbolinks";8;5;0.625
"sferik/twitter";8;3;0.375
"datamapper/dm-core";9;6;0.666666666666667
"flori/json";26;11;0.423076923076923
"ConnorAtherton/rb-readline";12;0;0
"rest-client/rest-client";75;26;0.346666666666667
"tj/terminal-table";22;4;0.181818181818182
"hassox/warden";3;1;0.333333333333333
"HipByte/motion-cocoapods";4;4;1
"cloudfoundry/bosh";2;2;1
"nahi/httpclient";29;9;0.310344827586207
"brianmario/yajl-ruby";24;8;0.333333333333333
"lostisland/faraday_middleware";38;12;0.315789473684211
"taf2/curb";11;2;0.181818181818182
"flavorjones/loofah";1;1;1
"pauldix/sax-machine";1;1;1
"jasonroelofs/rice";2;1;0.5
"capistrano/capistrano";24;21;0.875
"fnando/browser";3;0;0
"snowplow/referer-parser";1;0;0
"brynary/rack-test";93;29;0.311827956989247
"airbrake/airbrake";2;1;0.5
"thoughtbot/shoulda-context";15;3;0.2
"brandonhilkert/sucker_punch";7;5;0.714285714285714
"capistrano/sshkit";3;3;1
"elcuervo/airplay";1;0;0
"vcr/vcr";77;29;0.376623376623377
"ckruse/CFPropertyList";4;0;0
"soveran/cuba";2;1;0.5
"mime-types/ruby-mime-types";48;21;0.4375
"celluloid/reel";7;3;0.428571428571429
"evolve75/RubyTree";1;0;0
"Compass/compass-rails";5;3;0.6
"markevans/dragonfly";6;6;1
"plataformatec/responders";6;2;0.333333333333333
"argerim/select2-rails";4;0;0
"plataformatec/simple_form";19;7;0.368421052631579
"tmm1/perftools.rb";1;1;1
"travis-ci/travis.rb";4;1;0.25
"mislav/will_paginate";22;8;0.363636363636364
"michaeldv/awesome_print";36;7;0.194444444444444
"thekompanee/fuubar";23;11;0.478260869565217
"alexrothenberg/ammeter";11;7;0.636363636363636
"indirect/haml-rails";11;1;0.0909090909090909
"lautis/uglifier";32;4;0.125
"turn-project/turn";18;4;0.222222222222222
"dougal/acts_as_indexed";1;0;0
"rtomayko/rack-cache";10;3;0.3
"cowboyd/therubyracer";20;6;0.3
"ruby-amqp/amqp";4;2;0.5
"thibaudgg/rb-fsevent";30;3;0.1
"rspec/rspec-core";27;14;0.518518518518518
"rspec/rspec-expectations";28;9;0.321428571428571
"rspec/rspec-mocks";20;6;0.3
"sconover/wrong";3;2;0.666666666666667
"langalex/couch_potato";1;1;1
"couchrest/couchrest";4;2;0.5
"javan/whenever";3;1;0.333333333333333
"mojombo/chronic";19;5;0.263157894736842
"davidfstr/rdiscount";18;3;0.166666666666667
"rkh/mustermann";2;0;0
"rtomayko/tilt";44;25;0.568181818181818
"hiravgandhi/angularjs-rails";2;2;1
"watir/watir-webdriver";3;2;0.666666666666667
"binarylogic/authlogic";5;3;0.6
"intridea/oauth2";13;8;0.615384615384615
"openid/ruby-openid";1;1;1
"JEG2/highline";63;9;0.142857142857143
"ctran/annotate_models";2;0;0
"ohler55/oj";19;7;0.368421052631579
"thoughtbot/capybara-webkit";14;7;0.5
"savonrb/httpi";4;3;0.75
"JangoSteve/remotipart";5;1;0.2
"Apipie/apipie-rails";1;0;0
"bhollis/maruku";15;4;0.266666666666667
"zipmark/rspec_api_documentation";1;1;1
"markbates/configatron";5;1;0.2
"mperham/connection_pool";8;1;0.125
"thuehlinger/daemons";17;1;0.0588235294117647
"slim-template/slim";26;8;0.307692307692308
"rtomayko/posix-spawn";9;4;0.444444444444444
"defunkt/fakefs";29;18;0.620689655172414
"schacon/ruby-git";21;3;0.142857142857143
"Compass/compass";20;13;0.65
"marcandre/backports";7;3;0.428571428571429
"hparra/ruby-serialport";3;1;0.333333333333333
"kubo/ruby-oci8";1;1;1
"randym/axlsx";3;2;0.666666666666667
"straydogstudio/axlsx_rails";1;0;0
"httprb/http";12;8;0.666666666666667
"jarib/childprocess";14;7;0.5
"egonSchiele/contracts.ruby";3;2;0.666666666666667
"asciidoctor/asciidoctor";2;2;1
"rubychan/coderay";19;7;0.368421052631579
"triAGENS/ashikawa-core";1;1;1
"rrrene/inch";5;3;0.6
"gosu/gosu";1;1;1
"Blahah/transrate";1;1;1
"AssetSync/asset_sync";1;1;1
"net-ssh/net-sftp";10;0;0
"CodePadawans/ataru";1;1;1
"twitter/twitter-text";3;0;0
"cloudinary/cloudinary_gem";1;1;1
"attr-encrypted/attr_encrypted";2;1;0.5
"kschiess/parslet";11;4;0.363636363636364
"banister/pry-stack_explorer";10;1;0.1
"dkubb/yardstick";2;1;0.5
"collectiveidea/audited";1;0;0
"rails/protected_attributes";5;1;0.2
"vmg/rinku";3;1;0.333333333333333
"mperham/dalli";9;5;0.555555555555556
"hipchat/hipchat-rb";5;2;0.4
"heroku/heroku.rb";4;3;0.75
"pat/combustion";6;1;0.166666666666667
"drewblas/aws-ses";1;0;0
"azure/azure-sdk-for-ruby";1;1;1
"bkeepers/dotenv";16;6;0.375
"ahoward/systemu";7;1;0.142857142857143
"assaf/uuid";14;2;0.142857142857143
"ruby-concurrency/concurrent-ruby";6;3;0.5
"babel/ruby-babel-transpiler";3;2;0.666666666666667
"nesquena/backburner";1;1;1
"beanstalkd/beaneater";1;1;1
"DataDog/dogapi-rb";2;0;0
"excon/excon";20;15;0.75
"fog/fog-aws";9;5;0.555555555555556
"fog/fog-core";1;1;1
"fog/fog-softlayer";2;1;0.5
"tmm1/http_parser.rb";10;7;0.7
"bluemonk/ipaddress";5;0;0
"flavorjones/mini_portile";7;5;0.714285714285714
"sferik/multi_xml";13;9;0.692307692307692
"net-ssh/net-ssh";49;15;0.306122448979592
"minad/moneta";6;1;0.166666666666667
"sinatra/sinatra-contrib";19;2;0.105263157894737
"mojombo/grit";10;3;0.3
"savonrb/nori";3;2;0.666666666666667
"chef/chef";21;19;0.904761904761905
"drugpl/bbq";1;1;1
"protobuf-ruby/beefcake";1;1;1
"berkshelf/berkshelf";5;5;1
"chef/chef-zero";4;4;1
"sporkrb/spork";9;2;0.222222222222222
"test-kitchen/test-kitchen";5;5;1
"reset/ridley";4;4;1
"ruby-grape/grape";11;8;0.727272727272727
"charliesome/better_errors";8;0;0
"packetfu/packetfu";3;1;0.333333333333333
"pcaprub/pcaprub";2;1;0.5
"Fullscreen/bh";1;0;0
"padrino/padrino-framework";2;2;1
"dmendel/bindata";2;1;0.5
"banister/binding_of_caller";8;1;0.125
"jruby/activerecord-jdbc-adapter";2;1;0.5
"bioruby/bioruby";6;4;0.666666666666667
"wstrinz/publisci";1;0;0
"ruby-rdf/spira";1;1;1
"leejarvis/slop";17;7;0.411764705882353
"helios/bioruby-samtools";1;1;1
"ruby-prof/ruby-prof";18;5;0.277777777777778
"elastic/elasticsearch-ruby";7;3;0.428571428571429
"evan/memcached";5;2;0.4
"nex3/rb-inotify";14;4;0.285714285714286
"redis/redis-rb";35;19;0.542857142857143
"resque/resque";19;12;0.631578947368421
"laserlemon/vestal_versions";1;1;1
"brigade/scss-lint";2;2;1
"langalex/culerity";1;1;1
"projectblacklight/blacklight";6;6;1
"twbs/bootstrap-sass";23;10;0.434782608695652
"kjvarga/sitemap_generator";1;0;0
"bootstrap-ruby/rails-bootstrap-forms";5;2;0.4
"weppos/breadcrumbs_on_rails";4;0;0
"tpitale/legato";2;1;0.5
"plataformatec/mail_form";2;2;1
"huacnlee/social-share-button";1;0;0
"adhearsion/blather";1;1;1
"rails/spring";4;2;0.5
"rails/jbuilder";9;1;0.111111111111111
"tmm1/pygments.rb";5;2;0.4
"xijo/reverse_markdown";3;2;0.666666666666667
"mitchellh/vagrant";3;3;1
"oggy/looksee";1;1;1
"heroku/heroku";4;2;0.5
"psyho/bogus";1;1;1
"Shopify/liquid";12;5;0.416666666666667
"sstephenson/ruby-yui-compressor";6;2;0.333333333333333
"Nerian/bootstrap-datepicker-rails";2;0;0
"rails/sprockets-rails";6;5;0.833333333333333
"Nerian/bootstrap-wysihtml5-rails";2;2;1
"stefanpenner/country_select";1;0;0
"vmware/rbvmomi";6;4;0.666666666666667
"notahat/machinist";4;2;0.5
"nats-io/ruby-nats";1;1;1
"jmettraux/rufus-scheduler";6;1;0.166666666666667
"acrmp/foodcritic";1;1;1
"fog/fog-google";1;0;0
"brigade/mock_redis";3;2;0.666666666666667
"rodjek/librarian-puppet";2;2;1
"mloughran/em-hiredis";4;2;0.5
"thumblemonks/riot";4;4;1
"seattlerb/ruby2ruby";8;3;0.375
"seattlerb/ruby_parser";16;9;0.5625
"tors/jquery-fileupload-rails";1;0;0
"thoughtbot/paperclip";18;14;0.777777777777778
"activerecord-hackery/ransack";6;1;0.166666666666667
"the-teacher/the_sortable_tree";1;0;0
"projecthydra-labs/browse-everything";1;1;1
"jasmine/jasmine-gem";5;1;0.2
"gimite/google-drive-ruby";2;1;0.5
"attachmentsme/ruby-box";1;0;0
"stefankroes/ancestry";2;0;0
"tsechingho/ckeditor-rails";3;0;0
"cucumber/gherkin";4;2;0.5
"rubymotion/BubbleWrap";3;3;1
"bugsnag/bugsnag-ruby";1;1;1
"flyerhzm/bullet";1;0;0
"mustache/mustache";22;10;0.454545454545455
"rtomayko/ronn";10;4;0.4
"square/cane";15;7;0.466666666666667
"turboladen/tailor";2;0;0
"jekyll/jekyll";16;14;0.875
"drapergem/draper";3;0;0
"kpumuk/meta-tags";1;1;1
"ryanb/cancan";4;2;0.5
"everzet/capifony";1;1;1
"capistrano/bundler";1;1;1
"resque/resque-scheduler";3;3;1
"seuros/capistrano-puma";1;0;0
"puma/puma";12;5;0.416666666666667
"tablexi/capistrano3-unicorn";1;1;1
"jeroenvandijk/capybara-mechanize";2;1;0.5
"sparklemotion/mechanize";12;2;0.166666666666667
"codegram/spinach";1;0;0
"blowmage/minitest-rails";5;3;0.6
"nathanvda/cocoon";3;1;0.333333333333333
"littlebtc/font-awesome-sass-rails";2;1;0.5
"gazay/gon";2;0;0
"mixonic/ranked-model";1;1;1
"rsl/stringex";10;2;0.2
"rmagick/rmagick";11;1;0.0909090909090909
"ahoward/mongoid-grid_fs";2;2;1
"streamio/streamio-ffmpeg";1;1;1
"twitter/thrift_client";2;2;1
"NoamB/sorcery";1;1;1
"jarib/celerity";1;1;1
"yujinakayama/transpec";3;0;0
"seyhunak/twitter-bootstrap-rails";2;0;0
"metaskills/less-rails";2;1;0.5
"cschiewek/devise_ldap_authenticatable";1;0;0
"brianmario/charlock_holmes";3;1;0.333333333333333
"resque/redis-namespace";13;5;0.384615384615385
"narkoz/gitlab";3;1;0.333333333333333
"swipely/docker-api";5;4;0.8
"djberg96/sys-proctable";5;0;0
"sethvargo/chef-sugar";1;1;1
"test-kitchen/kitchen-vagrant";1;1;1
"skywinder/Github-Changelog-Generator";2;1;0.5
"customink/fauxhai";2;2;1
"leshill/resque_spec";1;0;0
"mileszs/wicked_pdf";1;0;0
"danmayer/churn";2;2;1
"ahoward/main";3;3;1
"ci-reporter/ci_reporter";10;4;0.4
"collectiveidea/tinder";3;2;0.666666666666667
"mjackson/citrus";1;1;1
"thoughtbot/clearance";1;0;0
"qrush/m";6;4;0.666666666666667
"rtomayko/shotgun";5;1;0.2
"samg/diffy";4;0;0
"comfy/comfortable-mexican-sofa";1;1;1
"collectiveidea/delayed_job";6;3;0.5
"spohlenz/tinymce-rails";6;2;0.333333333333333
"weppos/publicsuffix-ruby";5;3;0.6
"thoughtbot/cocaine";4;1;0.25
"CocoaPods/CocoaPods";3;3;1
"cocoapods/cocoapods-plugins";1;1;1
"cocoapods/cocoapods-try";1;1;1
"tenderlove/psych";8;4;0.5
"tenderlove/racc";10;7;0.7
"bpot/poseidon";1;0;0
"fixlr/codemirror-rails";2;0;0
"defunkt/tomdoc";1;0;0
"cowboyd/handlebars.rb";2;1;0.5
"zmbush/coffeelint-ruby";2;0;0
"boazsegev/combine_pdf";2;0;0
"svenfuchs/rails-i18n";3;1;0.333333333333333
"jorgemanrubia/mailgun_rails";1;0;0
"intridea/omniauth";10;5;0.5
"tenderlove/rails_autolink";5;1;0.2
"ambethia/recaptcha";1;0;0
"mynyml/watchr";5;1;0.2
"composite-primary-keys/composite_primary_keys";1;0;0
"thibaudgg/video_info";2;1;0.5
"railsconfig/config";1;0;0
"collectiveidea/json_spec";5;0;0
"davetron5000/methadone";3;1;0.333333333333333
"djberg96/net-ping";1;0;0
"svenfuchs/gem-release";8;0;0
"pry/pry-doc";12;0;0
"guard/listen";14;6;0.428571428571429
"roodi/roodi";5;4;0.8
"ryanmelt/qtbindings";2;1;0.5
"couchrest/couchrest_model";1;1;1
"yob/pdf-reader";6;2;0.333333333333333
"Mon-Ouie/pry-remote";7;2;0.285714285714286
"ddfreyne/cri";1;1;1
"robinst/taglib-ruby";1;0;0
"basho/riak-ruby-client";2;1;0.5
"cowboyd/less.rb";13;7;0.538461538461538
"collectiveidea/delayed_job_active_record";5;0;0
"QueueClassic/queue_classic";1;0;0
"v0dro/daru";3;3;1
"sciruby/distribution";2;2;1
"SciRuby/nmatrix";2;2;1
"rweng/pry-rails";8;1;0.125
"rgeo/rgeo";1;0;0
"ricardochimal/taps";2;1;0.5
"datamapper/do";1;1;1
"datamapper/dm-migrations";6;5;0.833333333333333
"benedikt/mongoid-tree";3;2;0.666666666666667
"neo4jrb/neo4j-core";1;1;1
"soveran/ohm";1;1;1
"cldwalker/debugger";11;3;0.272727272727273
"FooBarWidget/default_value_for";1;1;1
"datamapper/dm-validations";7;6;0.857142857142857
"clemens/delocalize";2;0;0
"bmabey/email-spec";1;1;1
"chanks/que";1;0;0
"Locale/localeapp";1;1;1
"scambra/devise_invitable";1;1;1
"masa16/narray";1;1;1
"yuki24/did_you_mean";1;1;1
"redis/hiredis-rb";6;2;0.333333333333333
"qoobaa/s3";1;0;0
"ddollar/foreman";6;1;0.166666666666667
"IIIF/osullivan";1;1;1
"projecthydra/rubydora";1;1;1
"FortAwesome/font-awesome-sass";4;0;0
"prawnpdf/prawn";7;5;0.714285714285714
"prawnpdf/prawn-table";1;0;0
"sferik/rails_admin";2;2;1
"RISCfuture/dropbox";1;0;0
"petebrowne/sprockets-sass";5;2;0.4
"kucaahbe/rspec-html-matchers";4;0;0
"ajb/erector-rails4";1;1;1
"toland/patron";5;4;0.8
"voloko/twitter-stream";2;1;0.5
"thuss/standalone-migrations";1;0;0
"brianmario/escape_utils";7;3;0.428571428571429
"elastic/elasticsearch-rails";2;0;0
"roidrage/lograge";1;1;1
"brigade/overcommit";1;0;0
"drbrain/net-http-persistent";11;3;0.272727272727273
"igrigorik/em-synchrony";6;1;0.166666666666667
"igrigorik/em-websocket";8;5;0.625
"emberjs/ember.js";3;3;1
"wycats/handlebars.js";4;4;1
"emberjs/ember-rails";1;1;1
"jruby/jruby";1;1;1
"engineyard/engineyard";1;0;0
"jbarnette/johnson";2;2;1
"forgecrafted/ruby-stylus";3;1;0.333333333333333
"sunspot/sunspot";1;0;0
"pdfkit/pdfkit";2;0;0
"stompgem/stomp";2;1;0.5
"ibc/EventMachine-LE";1;1;1
"simplabs/excellent";1;1;1
"stevenosloan/slack-notifier";3;0;0
"grosser/fast_gettext";1;1;1
"grosser/gettext_i18n_rails";1;0;0
"elabs/pundit";2;0;0
"rubyworks/facets";3;2;0.666666666666667
"eagletmt/faml";1;1;1
"k0kubun/hamlit";1;1;1
"judofyr/temple";4;3;0.75
"plataformatec/faraday-http-cache";3;1;0.333333333333333
"sdsykes/fastimage";2;0;0
"phusion/passenger";1;1;1
"peter-murach/github";4;2;0.5
"ffaker/ffaker";2;2;1
"chuckremes/ffi-rzmq";3;2;0.666666666666667
"chef/ffi-yajl";1;1;1
"neelance/ffi_gen";1;1;1
"netzpirat/guard-coffeescript";4;2;0.5
"seejohnrun/ice_cube";3;3;1
"tmm1/rbtrace";1;0;0
"sinatra/rack-protection";3;1;0.333333333333333
"fluent/fluentd";3;3;1
"aws/aws-sdk-ruby";2;2;1
"binarylogic/settingslogic";1;0;0
"svenfuchs/i18n-active_record";2;2;1
"nesquena/rabl";4;3;0.75
"activerecord-hackery/squeel";3;1;0.333333333333333
"jonleighton/focused_controller";1;0;0
"mdub/clamp";9;3;0.333333333333333
"asenchi/scrolls";1;1;1
"mitchellh/virtualbox";2;2;1
"matthuhiggins/foreigner";1;1;1
"jordansissel/fpm";3;3;1
"ttilley/fssm";1;0;0
"jwt/ruby-jwt";5;3;0.6
"savonrb/savon";4;2;0.5
"digitalplaywright/mongoid-slug";1;1;1
"libgit2/rugged";9;7;0.777777777777778
"axyjo/leaflet-rails";1;0;0
"geokit/geokit";2;2;1
"jch/html-pipeline";2;2;1
"supermarin/xcpretty";3;3;1
"xml4r/libxml-ruby";2;0;0
"ohler55/ox";3;2;0.666666666666667
"jsmestad/pivotal-tracker";4;1;0.25
"brigade/haml-lint";2;0;0
"metricfu/metric_fu";4;1;0.25
"arches/table_print";3;0;0
"github/linguist";1;1;1
"benbalter/licensee";1;1;1
"jekyll/jekyll-feed";1;1;1
"jekyll/jekyll-redirect-from";1;1;1
"jekyll/jekyll-sitemap";1;1;1
"wallyqs/org-ruby";1;0;0
"nricciar/wikicloth";2;1;0.5
"yamldb/yaml_db";1;0;0
"meh/ruby-thread";3;1;0.333333333333333
"globalize/globalize";1;0;0
"dilcom/gnuplotrb";1;1;1
"hamstergem/hamster";5;1;0.2
"gollum/gollum";1;1;1
"ccocchi/rabl-rails";1;1;1
"pivotal/LicenseFinder";1;0;0
"ruby-debug/ruby-debug-ide";1;0;0
"seattlerb/zentest";8;1;0.125
"google/signet";2;1;0.5
"savonrb/gyoku";2;0;0
"savonrb/wasabi";1;0;0
"ueno/ruby-gpgme";1;0;0
"rack/rack-contrib";2;2;1
"nixme/jazz_hands";1;1;1
"ruby-grape/grape-entity";3;1;0.333333333333333
"ruby-grape/grape-swagger";5;2;0.4
"cyu/rack-cors";3;1;0.333333333333333
"dam5s/happymapper";2;2;1
"ruby-gnome2/ruby-gnome2";2;2;1
"apotonick/roar";3;2;0.666666666666667
"grocer/grocer";1;1;1
"sosedoff/grooveshark";1;1;1
"topfunky/gruff";2;1;0.5
"guard/guard-livereload";2;0;0
"guard/guard-spork";3;1;0.333333333333333
"guard/guard-test";5;1;0.2
"netzpirat/haml_coffee_assets";1;1;1
"leshill/handlebars_assets";2;0;0
"zmoazeni/harvested";1;1;1
"remiprev/her";1;0;0
"infused/dbf";1;0;0
"weshatheleopard/rubyXL";1;0;0
"TomPoulton/hiera-eyaml";1;1;1
"tobmatth/rack-ssl-enforcer";3;0;0
"pelle/oauth-plugin";1;0;0
"Casecommons/pg_search";2;0;0
"spikex/strongbox";1;0;0
"rudionrails/yell";2;0;0
"joshbuddy/http_router";2;1;0.5
"fnando/i18n-js";1;0;0
"glebm/i18n-tasks";2;1;0.5
"icalendar/icalendar";1;0;0
"tmm1/stackprof";1;1;1
"toy/image_optim";2;2;1
"remvee/exifr";2;1;0.5
"itamae-kitchen/itamae";1;1;1
"plataformatec/has_scope";1;1;1
"methodmissing/rbczmq";2;0;0
"searls/jasmine-rails";2;0;0
"arton/rjb";1;1;1
"mkristian/jbundler";2;2;1
"arangamani/jenkins_api_client";2;1;0.5
"dorack/jiralicious";1;0;0
"rweng/jquery-datatables-rails";1;0;0
"malsup/form";1;0;0
"railsware/js-routes";1;0;0
"cinchrb/cinch";1;0;0
"RubyMoney/monetize";1;0;0
"activemerchant/offsite_payments";1;0;0
"chef/knife-windows";3;2;0.666666666666667
"rmoriz/knife-digital_ocean";1;1;1
"matschaffer/knife-solo";1;1;1
"higanworks/knife-zero";1;1;1
"chef/knife-ec2";1;1;1
"chef/knife-openstack";1;0;0
"WinRb/WinRM";1;1;1
"svenfuchs/routing-filter";1;0;0
"stripe/stripe-ruby";2;2;1
"rtomayko/rocco";3;2;0.666666666666667
"ioquatix/rubydns";2;2;1
"michelson/lazy_high_charts";1;0;0
"ryanb/letter_opener";3;1;0.333333333333333
"applicationsonline/librarian";1;1;1
"LIFX/lifx-gem";1;1;1
"litaio/lita";2;2;1
"nateware/redis-objects";3;1;0.333333333333333
"elastic/logstash";2;2;1
"lotus/validations";1;1;1
"moiristo/deep_cloneable";3;1;0.333333333333333
"basecamp/mail_view";1;1;1
"mailboxer/mailboxer";1;1;1
"railsbp/rails_best_practices";3;2;0.666666666666667
"middleman/middleman";1;1;1
"middleman/middleman-livereload";1;0;0
"middleman/middleman-syntax";1;0;0
"janko-m/sinatra-activerecord";1;1;1
"rstacruz/sinatra-assetpack";2;0;0
"eMancu/toml-rb";2;2;1
"twilio/twilio-ruby";1;0;0
"cowboyd/therubyrhino";1;0;0
"meskyanichi/mongoid-paperclip";1;0;0
"getsentry/raven-ruby";1;1;1
"mbj/mutant";1;1;1
"capistrano/rails";1;1;1
"capistrano/rbenv";1;1;1
"maxdemarzi/neography";1;1;1
"ryanb/nested_form";1;1;1
"skyeagle/nested_set";1;1;1
"rethinkdb/rethinkdb";2;1;0.5
"zk-ruby/zk";1;1;1
"ConradIrwin/pry-rescue";1;0;0
"websocket-rails/websocket-rails";1;1;1
"ruby-protobuf/protobuf";2;1;0.5
"YorickPeterse/oga";1;1;1
"noahd1/oink";1;0;0
"intridea/omniauth-oauth2";2;1;0.5
"onelogin/ruby-saml";1;1;1
"opal/opal";1;1;1
"realestate-com-au/pact";1;1;1
"apotonick/reform";1;1;1
"webmachine/webmachine-ruby";1;1;1
"RolifyCommunity/rolify";1;0;0
"hgmnz/truncate_html";1;0;0
"jwhitehorn/pi_piper";1;0;0
"ianwhite/pickle";1;0;0
"heroku/rack-timeout";1;1;1
"fedora-ruby/gem2rpm";1;1;1
"redis-store/redis-store";1;0;0
"pusher/pusher-http-ruby";2;1;0.5
"burtlo/yard-cucumber";1;0;0
"evrone/quiet_assets";1;0;0
"puppetlabs/r10k";1;1;1
"nov/rack-oauth2";1;0;0
"cldwalker/ripl";2;2;1
"jruby/warbler";1;0;0
"reactjs/react-rails";1;1;1
"facebook/react";2;2;1
"opal/opal-browser";1;1;1
"nevans/resque-pool";1;0;0
"philostler/rspec-sidekiq";1;1;1
"guilhermesad/rspotify";1;0;0
"ryantate/rturk";1;1;1
"rodjek/rspec-puppet";1;1;1
"jeremytregunna/ruby-trello";1;0;0
"delano/rye";1;1;1
"jmettraux/rufus-tokyo";1;0;0
"ngty/sourcify";1;1;1
"yaroslav/russian";1;0;0
"inukshuk/bibtex-ruby";1;1;1
"rdp/ruby_gnuplot";1;1;1
"sciruby/statsample";1;1;1
"nunit/nunit";1;1;1
"ezkl/sniffles";1;0;0
"brainspec/enumerize";1;1;1
"softlayer/softlayer-ruby";1;1;1
"romul/spree_address_book";1;1;1
"spree-contrib/spree_editor";1;1;1
"cavalle/steak";2;0;0
"honeybadger-io/honeybadger-ruby";1;0;0
"PerfectlyNormal/tinymce-rails-imageupload";1;0;0
"NUBIC/surveyor";1;1;1
"spree/spree";1;1;1
"modeset/teaspoon";1;0;0
"cjheath/geoip";1;0;0
"jruby/jruby-rack";1;1;1
